first_name,last_name,email,gender,age,car,job,favourite_film
Dahlia,Basill,dbasill0@skyrock.com,Female,69,Opel,Marketing Assistant,Comedy
Saunderson,Belf,sbelf1@europa.eu,Male,31,Opel,Clinical Specialist,Drama
Wilmette,O'Shields,woshields2@sogou.com,Female,63,Mazda,Registered Nurse,Drama
Myrah,Bearcock,mbearcock3@moonfruit.com,Female,64,Renault,Marketing Assistant,Comedy
Errol,Duggon,eduggon4@engadget.com,Male,26,Ford,Project Manager,Drama
Fernandina,Silvers,fsilvers5@vimeo.com,Female,20,Opel,Research Associate,Romance
Noam,Dank,ndank6@hud.gov,Male,79,Renault,Junior Executive,Thriller
Dene,Aitchinson,daitchinson7@mail.ru,Male,67,Ford,Professor,Horror
Christal,Rosendall,crosendall8@odnoklassniki.ru,Female,49,Renault,Social Worker,Comedy
Roosevelt,Sanson,rsanson9@canalblog.com,Male,78,Renault,Accounting Assistant II,Drama
Freeland,Walsh,fwalsha@fotki.com,Male,71,Mazda,Environmental Tech,Comedy
Johannes,Mikalski,jmikalskib@a8.net,Male,73,Renault,Web Developer II,Thriller
Lianne,Coules,lcoulesc@bloglovin.com,Female,61,Fiat,Accounting Assistant I,Thriller
Karolina,Kain,kkaind@usatoday.com,Female,77,Renault,Environmental Specialist,Thriller
Saleem,Pigdon,spigdone@phpbb.com,Male,64,Renault,Environmental Tech,Comedy
Goldi,Richardson,grichardsonf@hhs.gov,Female,40,Mazda,Senior Editor,Drama
Nerte,Kira,nkirag@infoseek.co.jp,Female,75,Renault,Assistant Professor,Romance
Ermentrude,Girogetti,egirogettih@hibu.com,Female,53,Opel,Information Systems Manager,Thriller
Michal,Robens,mrobensi@hatena.ne.jp,Male,43,Renault,Compensation Analyst,Drama
Fidelia,Byrne,fbyrnej@1688.com,Female,21,Opel,Senior Financial Analyst,Drama
